{
  "title": "Как мы работаем — ДЕЗЩИТ 360",
  "photos": [
    "media/photos/photo_01.jpg",
    "media/photos/photo_02.jpg",
    "media/photos/photo_03.jpg",
    "media/photos/photo_04.jpg",
    "media/photos/photo_05.jpg",
    "media/photos/photo_06.jpg",
    "media/photos/photo_07.jpg",
    "media/photos/photo_08.jpg",
    "media/photos/photo_09.jpg",
    "media/photos/photo_10.jpg",
    "media/photos/photo_11.jpg",
    "media/photos/photo_12.jpg",
    "media/photos/photo_13.jpg",
    "media/photos/photo_14.jpg",
    "media/photos/photo_15.jpg"
  ],
  "videos": [
    "media/videos/video_01.mp4",
    "media/videos/video_02.mp4",
    "media/videos/video_03.mp4",
    "media/videos/video_04.mp4",
    "media/videos/video_05.mp4"
  ],
  "thumbs": [
    "media/thumbs/thumb_01.jpg",
    "media/thumbs/thumb_02.jpg",
    "media/thumbs/thumb_03.jpg",
    "media/thumbs/thumb_04.jpg",
    "media/thumbs/thumb_05.jpg",
    "media/thumbs/thumb_06.jpg",
    "media/thumbs/thumb_07.jpg",
    "media/thumbs/thumb_08.jpg",
    "media/thumbs/thumb_09.jpg",
    "media/thumbs/thumb_10.jpg",
    "media/thumbs/thumb_11.jpg",
    "media/thumbs/thumb_12.jpg",
    "media/thumbs/thumb_13.jpg",
    "media/thumbs/thumb_14.jpg",
    "media/thumbs/thumb_15.jpg"
  ],
  "captions": [
    "Реальные кадры с наших объектов по всему Крыму"
  ]
}